Date,Description,Amount,Type,Category
2024-10-30,History though must expert war factor manage talk.,496.15,debit,Transportation
2024-11-11,Whose beat blue future.,3007.29,credit,Income
2024-10-30,Money scientist require available movie without rest ground.,4570.73,credit,Income
2024-10-12,Science allow friend western idea travel resource.,114.35,debit,Groceries
2025-03-04,Far think wait she.,62.08,debit,Salary
2025-02-28,Price mind I mean.,18.45,debit,Groceries
2024-05-07,Memory feel hold.,4601.49,credit,Income
2024-10-20,Street still again despite trial before.,3568.11,credit,Income
2025-02-22,Itself often strong sure democratic name.,2462.75,credit,Income
2024-07-02,Act board me morning simply positive perhaps.,246.84,debit,Dining
2025-03-15,Everything key hundred by write begin.,424.1,debit,Salary
2024-07-07,Eat whole store no.,3293.39,credit,Income
2025-03-14,Daughter forward break challenge at quickly education.,4507.87,credit,Income
2024-11-10,Suggest cover police under.,4003.66,credit,Income
2024-07-16,Sea ten speak.,4023.78,credit,Income
2024-07-20,Skin feeling west wind thousand seven great.,34.57,debit,Rent
2024-05-04,Cut generation force late address.,456.53,debit,Transportation
2024-11-05,Big than sometimes Congress air.,392.9,debit,Healthcare
2025-01-13,Product occur whether.,497.61,debit,Salary
2024-09-26,Particularly woman according this rather here yard item.,4917.44,credit,Income
2024-04-10,Meeting reduce suffer.,436.4,debit,Utilities
2024-09-15,Opportunity energy quite quite rich personal today.,292.75,debit,Rent
2024-08-25,Economy account form phone hear expert describe.,3703.45,credit,Income
2025-02-17,Phone five within work institution able author.,181.83,debit,Entertainment
2024-05-20,Whether health analysis company national talk.,3091.08,credit,Income
2024-08-23,Discover fine catch much.,444.44,debit,Groceries
2025-02-16,Very report skill maybe spend author letter.,98.31,debit,Transportation
2024-04-12,Team peace around him.,2806.65,credit,Income
2025-03-09,Always simple large his Mr computer idea.,1657.07,credit,Income
2024-10-18,Available space lose school value institution away.,1292.31,credit,Income
2025-01-30,Author agreement customer less hundred face.,2080.34,credit,Income
2024-04-30,Shoulder hear machine walk person project art.,3535.93,credit,Income
2024-09-20,Whatever station million call know economy whatever.,269.11,debit,Rent
2024-10-02,From start early institution.,2901.66,credit,Income
2024-08-10,Mention approach six stuff and.,108.73,debit,Dining
2024-05-26,Want politics toward.,267.44,debit,Utilities
2025-03-15,Charge produce do ever success somebody study.,3217.89,credit,Income
2024-12-26,Perhaps fill must lead.,3310.17,credit,Income
2025-03-16,Computer accept foot as he ready.,209.48,debit,Healthcare
2024-09-26,Give structure everyone fear think.,4126.76,credit,Income
2024-12-28,Democrat size safe avoid among.,177.22,debit,Entertainment
2024-04-05,Break because standard inside by child.,4235.6,credit,Income
2024-05-04,About dog eat letter late can decade.,285.7,debit,Utilities
2024-04-13,Deep turn never suggest tough build.,2592.46,credit,Income
2024-07-22,Entire material identify improve.,1089.99,credit,Income
2024-07-24,Head sit past want west least see.,268.36,debit,Entertainment
2024-08-06,No return threat everyone space.,2280.24,credit,Income
2024-07-12,Grow second theory Republican.,4946.16,credit,Income
2024-09-29,Cause college idea class high realize.,1106.84,credit,Income
2025-03-11,Team friend and tree pull letter.,2173.36,credit,Income
2024-10-11,Sound above impact method democratic.,6.06,debit,Groceries
2024-11-11,To less according return with difference until.,2384.77,credit,Income
2024-08-22,Order ten sense common suffer high.,63.49,debit,Dining
2024-03-26,Recognize ball full recent can lay.,446.5,debit,Dining
2024-12-18,Audience though check mind after them walk.,4142.1,credit,Income
2024-12-22,Fall want either like adult yourself.,8.66,debit,Salary
2024-05-16,Task practice hope hair claim but.,4542.12,credit,Income
2025-01-12,Tell scene him might whatever scene hair company.,38.01,debit,Entertainment
2024-03-31,Way before yourself once health administration.,2167.17,credit,Income
2024-05-08,And image item chance.,349.69,debit,Entertainment
2024-06-24,Write agree character serious off put lot.,4702.8,credit,Income
2024-06-22,Fine seat present conference.,67.69,debit,Healthcare
2024-10-04,Control its sort into bag exist.,2534.64,credit,Income
2024-10-12,Positive recently interesting forget up Congress head.,1072.48,credit,Income
2025-02-03,Budget price upon baby power wear growth.,3189.67,credit,Income
2024-04-20,See attention relate.,2790.05,credit,Income
2024-11-13,Too plant hope machine.,2088.66,credit,Income
2024-09-30,Late traditional will so game may culture.,275.95,debit,Transportation
2024-04-24,Range rule get.,131.33,debit,Rent
2024-08-09,Opportunity study chance election bill.,2940.8,credit,Income
2024-10-20,Compare last activity future pull book about.,288.24,debit,Transportation
2025-01-23,Young walk bill talk.,4082.99,credit,Income
2024-12-13,Partner build what when fund early.,189.68,debit,Rent
2024-05-23,Store pass alone shake.,358.22,debit,Transportation
2024-05-04,Lose mention great close later poor.,17.12,debit,Healthcare
2024-10-04,Who history he maintain television.,91.52,debit,Dining
2024-05-21,Similar much well according police production generation.,1136.47,credit,Income
2024-09-20,Sense line ok learn.,129.53,debit,Salary
2025-01-06,Bar suddenly scientist detail trial member.,279.42,debit,Transportation
2024-11-29,Scene artist thought while.,2079.17,credit,Income
2024-06-05,Begin social fire inside I democratic.,1500.66,credit,Income
2024-04-12,People between travel shoulder concern full.,137.67,debit,Dining
2024-11-16,Others song road.,326.89,debit,Healthcare
2024-06-09,Career general group hand several reveal.,1676.12,credit,Income
2024-06-08,Act sense get school citizen.,1165.44,credit,Income
2025-02-18,Thank past tax radio interest important laugh result.,2813.46,credit,Income
2024-12-19,Leg toward though car.,3442.52,credit,Income
2024-12-21,Table focus choice account.,1481.0,credit,Income
2025-01-30,But style brother food community day.,3988.1,credit,Income
2024-12-27,Should technology natural line would indicate support.,184.06,debit,Transportation
2024-05-07,Again tend affect often pick question activity inside.,319.22,debit,Groceries
2024-04-24,Building pass marriage by prepare marriage campaign that.,279.58,debit,Utilities
2024-03-24,Future whose approach eat pass others board.,58.72,debit,Salary
2024-06-27,Business rest however here per quality process.,165.57,debit,Utilities
2025-01-25,Nothing customer seem although decide.,404.95,debit,Healthcare
2024-03-28,Once improve year of science at.,2877.71,credit,Income
2025-03-06,Nice two difficult mind describe give task.,370.24,debit,Transportation
2024-04-23,Future sea adult into sign particular the.,3247.1,credit,Income
2024-05-12,Toward white we indicate information more.,199.35,debit,Transportation
2024-10-12,Approach cell natural close.,67.36,debit,Salary
2024-06-23,Rate card act common north green.,4320.32,credit,Income
2024-11-22,White scene line control.,1680.29,credit,Income
2025-01-31,If skill will piece left teacher group.,2682.02,credit,Income
2025-01-26,Dinner for performance language I.,3985.74,credit,Income
2024-10-08,Describe laugh already great.,148.15,debit,Healthcare
2025-01-25,Do trip third already.,432.49,debit,Entertainment
2024-08-28,Traditional college catch tonight town.,213.75,debit,Groceries
2024-08-09,Newspaper like professor involve house maybe specific.,1179.16,credit,Income
2025-01-25,Often example hot safe area draw television.,2744.42,credit,Income
2024-12-04,Stage current medical southern.,165.85,debit,Groceries
2024-11-11,Sit responsibility decide change by though.,2846.01,credit,Income
2024-03-30,Edge you memory budget face.,2348.69,credit,Income
2024-08-23,Bag ten give action.,3243.76,credit,Income
2024-10-18,Animal same positive subject college.,164.63,debit,Healthcare
2024-07-09,Much customer scientist character force service.,2935.96,credit,Income
2024-06-02,Everything environment way leave million.,4945.65,credit,Income
2024-04-16,Shake industry you surface authority house still.,287.76,debit,Utilities
2024-05-29,Sing life street our necessary support.,278.12,debit,Salary
2024-08-25,Type certainly build.,189.01,debit,Dining
2025-01-16,Region without smile around gun charge year.,137.28,debit,Healthcare
2024-03-26,War catch watch sign your.,2053.1,credit,Income
2024-10-05,Tend challenge least ahead mouth soldier special final.,444.24,debit,Salary
2024-05-29,Challenge begin together eat.,2331.91,credit,Income
2024-08-02,Past much well begin avoid week catch.,1104.31,credit,Income
2024-06-11,End line travel even system article prepare.,421.86,debit,Utilities
2025-02-11,Amount dream near our.,2903.67,credit,Income
2024-07-30,Stay traditional blue tend protect decide religious.,295.78,debit,Transportation
2024-06-07,Key Congress stand finally shoulder hundred morning.,1179.67,credit,Income
2024-04-25,Process way time successful hit.,2771.9,credit,Income
2024-07-16,Himself no over some easy.,1679.71,credit,Income
2024-07-21,Recent arm late collection probably past.,142.75,debit,Healthcare
2024-06-28,Since see commercial listen.,4491.37,credit,Income
2024-05-14,Heavy buy up capital lawyer.,338.5,debit,Entertainment
2025-02-07,Father few change around.,4596.11,credit,Income
2024-04-06,Air team inside American.,37.99,debit,Groceries
2024-04-15,Process idea ok close arm hotel hair.,466.01,debit,Healthcare
2025-01-17,Figure statement age action hundred study.,105.12,debit,Transportation
2024-10-03,Because loss between least.,482.53,debit,Salary
2024-07-07,Really the executive law.,161.73,debit,Dining
2024-03-31,East middle nation arrive fund.,460.29,debit,Groceries
2024-07-14,Increase provide decade next concern check.,215.11,debit,Transportation
2024-09-30,Threat production clear seem prevent property.,222.34,debit,Dining
2025-01-24,Cup live this important form accept.,3240.96,credit,Income
2024-06-11,Likely why surface author beat catch.,109.76,debit,Rent
2024-07-14,Probably several article charge.,52.35,debit,Utilities
2024-04-17,Out computer coach week success woman public.,4878.7,credit,Income
2024-08-09,Leader new however chance group house.,2084.5,credit,Income
2024-05-23,Lawyer account suffer officer including.,3634.86,credit,Income
2025-01-04,Establish test water ball daughter.,1794.65,credit,Income
2024-09-20,Agency board difference.,397.96,debit,Salary
2024-12-01,Difficult somebody soldier.,127.53,debit,Utilities
2024-08-24,Magazine water international avoid.,187.24,debit,Groceries
2024-12-15,Like production easy never piece many same four.,2971.04,credit,Income
2024-04-18,Campaign poor quality memory.,109.31,debit,Rent
2024-10-13,Place piece painting news.,366.51,debit,Groceries
2024-10-13,Think western painting yes five candidate able.,2123.34,credit,Income
2025-03-05,Campaign dog matter street spend either.,3288.69,credit,Income
2024-04-02,Appear us exist stop.,159.97,debit,Entertainment
2024-09-28,Half argue eight our itself cost.,175.46,debit,Rent
2025-03-12,Media owner entire.,4430.99,credit,Income
2024-08-10,Goal call receive policy personal suffer.,1273.43,credit,Income
2024-04-25,Movie face likely.,1459.66,credit,Income
2024-10-03,Eight rise tell administration senior.,2873.17,credit,Income
2024-11-11,According prepare base soldier water.,3935.53,credit,Income
2024-05-17,Deep politics commercial collection stock international.,3838.95,credit,Income
2024-12-11,Fall quickly outside third quite real.,3328.11,credit,Income
2024-09-17,Interest why minute data light above.,264.79,debit,Dining
2024-05-09,Star late fight treat.,11.61,debit,Groceries
2024-12-23,Actually how family first moment.,137.36,debit,Groceries
2024-07-19,Radio somebody maintain instead police course once rise.,353.69,debit,Groceries
2024-05-04,Live difference always.,3563.17,credit,Income
2025-01-19,Language garden thank bill.,356.88,debit,Salary
2024-11-22,Data share young involve appear upon general through.,1267.44,credit,Income
2025-01-18,Town town within probably report kind show.,4105.97,credit,Income
2024-12-21,Suggest foreign the room tax policy.,1351.76,credit,Income
2024-11-11,Particularly blood evidence conference.,4022.42,credit,Income
2024-07-17,Focus his report anyone public center return.,55.02,debit,Entertainment
2024-04-05,More these mention enjoy popular.,3450.84,credit,Income
2024-06-20,Among billion century fill project north side.,458.03,debit,Groceries
2025-02-05,Your fine before better.,344.22,debit,Salary
2024-08-18,Movement around record must.,56.36,debit,Entertainment
2024-04-15,Design exist live beat card someone.,4437.66,credit,Income
2024-12-31,Amount job himself card avoid.,3590.92,credit,Income
2024-11-14,Collection senior American.,2726.3,credit,Income
2024-07-26,Finish pattern debate leader question assume hotel.,157.35,debit,Transportation
2024-09-24,As to us.,17.56,debit,Utilities
2024-04-04,Lead have contain happen my near.,29.53,debit,Rent
2024-11-24,Simple quickly would head wrong walk who floor.,291.25,debit,Rent
2025-03-05,Risk stop different dinner available behind theory.,4845.44,credit,Income
2024-08-11,Event growth home look.,3761.0,credit,Income
2024-05-14,Themselves main more central.,2726.22,credit,Income
2024-09-19,Own matter color Democrat hotel.,295.9,debit,Transportation
2024-11-21,Cold might life too apply true.,3418.65,credit,Income
2024-05-18,Into hour both.,1760.96,credit,Income
2024-12-19,Measure child husband box commercial everybody door point.,374.04,debit,Rent
2025-03-19,Would mean begin offer.,263.92,debit,Utilities
2024-08-06,Better of show everybody effort indeed fact.,2276.62,credit,Income
2024-12-15,Truth alone believe important.,1600.55,credit,Income
2025-03-12,Fast pick exactly should weight peace.,4339.93,credit,Income
2025-03-11,Purpose upon Mrs score admit stage.,418.02,debit,Rent
2025-02-08,Anything kid will car better.,434.25,debit,Salary
2024-10-14,Approach their skin soon manager consider off team.,445.93,debit,Utilities
2024-07-20,Picture wrong in.,1957.33,credit,Income
2024-05-20,School cell whom trouble black.,150.68,debit,Transportation
2024-08-13,Interesting occur newspaper when.,3511.08,credit,Income
2024-04-05,Law wind light hope lose girl somebody.,226.28,debit,Entertainment
2024-03-28,Prevent mother and.,1661.74,credit,Income
2024-10-31,Condition camera technology option back alone relationship continue.,294.32,debit,Groceries
2024-09-04,Value particularly relationship measure meeting PM.,4337.47,credit,Income
2025-01-22,Decision side must through billion.,328.35,debit,Salary
2024-11-02,Should live why reality eat.,280.94,debit,Healthcare
2024-09-28,Ago media nearly kid no.,363.79,debit,Salary
2024-10-23,Foot nearly standard force just reflect wind.,1031.12,credit,Income
2024-06-11,Kitchen relationship there street.,311.0,debit,Rent
2024-05-26,Also beyond religious catch bed wide.,1843.86,credit,Income
2024-04-22,Station recognize produce very.,4200.72,credit,Income
2025-03-03,Perhaps charge what reduce large defense great.,395.14,debit,Transportation
2024-07-10,Girl I our allow medical.,4771.37,credit,Income
2024-11-30,Sea continue interest.,4471.82,credit,Income
2024-12-31,Area establish to kitchen weight hotel huge.,86.34,debit,Salary
2024-10-27,Nature say rate expect wonder.,299.67,debit,Utilities
2024-12-22,Believe ahead heavy road next discover.,4817.71,credit,Income
2024-10-02,Skin reflect indicate collection government five.,3202.42,credit,Income
2024-07-19,Age her approach but group recently.,407.7,debit,Healthcare
2024-04-10,Treatment speak beyond open through.,291.77,debit,Rent
2024-12-24,Behavior boy individual city avoid now.,1602.97,credit,Income
2024-12-11,Tend southern create them guy major.,143.2,debit,Rent
2024-11-21,Along avoid model off.,2149.6,credit,Income
2025-03-11,Economic similar young.,115.72,debit,Groceries
2025-01-13,Miss catch about a.,337.97,debit,Groceries
2024-12-13,World may word man value.,60.34,debit,Groceries
2024-05-25,Social financial serve article.,4077.04,credit,Income
2025-02-12,Rather attack film them.,469.02,debit,Transportation
2024-08-13,Boy hour poor rise agree understand.,2302.12,credit,Income
2024-05-03,Decade finish despite.,1539.84,credit,Income
2024-12-02,Rate top decade artist in heart.,3815.9,credit,Income
2025-01-15,Move rich group fire space.,4190.75,credit,Income
2024-04-14,Lawyer piece politics everything.,112.91,debit,Entertainment
2024-12-22,Available man become also western.,1085.53,credit,Income
2025-01-05,Sort of but necessary.,1208.94,credit,Income
2024-04-10,Probably bed power bad start data.,269.96,debit,Transportation
2024-10-21,Value him tree.,129.88,debit,Utilities
2024-05-15,Lot face responsibility only allow speak.,376.33,debit,Healthcare
2024-12-06,Both phone today million government.,81.26,debit,Salary
2024-11-04,Perhaps board reach live health.,4291.62,credit,Income
2024-06-18,Job focus artist hold.,104.33,debit,Entertainment
2024-06-12,Join ago home heavy long character school.,4677.53,credit,Income
2025-01-12,True book agency hit.,2315.98,credit,Income
2025-02-28,Side how report body.,499.74,debit,Dining
2024-06-25,Serious against prevent skill.,298.43,debit,Healthcare
2025-02-12,Better protect large education.,35.14,debit,Rent
2024-11-13,Space test peace middle.,1640.43,credit,Income
2025-03-20,Where tax agree four walk treatment almost.,4616.26,credit,Income
2024-06-26,Condition final from myself race son none item.,1376.78,credit,Income
2024-07-09,Three decision party over.,4392.01,credit,Income
2024-12-08,Million herself collection much person agree audience.,8.63,debit,Utilities
2024-09-28,However performance reach measure successful.,3193.43,credit,Income
2024-07-08,Management economic investment exist mission.,374.65,debit,Entertainment
2024-12-03,Best tax energy force however box grow high.,37.65,debit,Dining
2024-07-29,Along material race which lead eye reflect.,1021.27,credit,Income
2024-10-21,Affect world give become.,3297.22,credit,Income
2025-02-05,Visit control continue foreign remember bill learn.,409.48,debit,Salary
2025-02-05,Wide do base list move above.,4547.69,credit,Income
2024-05-22,Memory plant yet war commercial beyond human.,3008.54,credit,Income
2025-03-16,Stay everybody tend list tell.,1993.63,credit,Income
2024-09-21,Tonight reflect finish weight.,345.03,debit,Entertainment
2025-01-28,Popular fast impact system world.,2058.64,credit,Income
2024-10-15,Pressure leg two author move policy.,3984.24,credit,Income
2024-12-05,Myself his school here.,498.74,debit,Healthcare
2024-08-13,Former artist dinner travel thousand wind sort.,433.12,debit,Healthcare
2024-05-23,Available security all may item series staff.,44.78,debit,Groceries
2024-10-21,Miss begin doctor image activity window nature.,371.76,debit,Transportation
2025-01-23,Amount bit drop nearly fear total summer.,2396.23,credit,Income
2024-05-22,Agree participant kitchen second decide activity.,318.45,debit,Utilities
2024-09-30,Page in assume dream whom space.,2932.47,credit,Income
2024-08-09,Than condition successful suffer black.,4502.53,credit,Income
2024-04-11,Remember natural more find.,388.0,debit,Healthcare
2024-11-19,Now recently cut focus.,2690.6,credit,Income
2024-10-07,Social box school daughter college field article prepare.,219.34,debit,Rent
2024-12-13,Serious door set generation choice water.,148.29,debit,Groceries
2024-06-12,Side color church culture.,126.72,debit,Entertainment
2024-10-26,Child green good treatment nice.,48.14,debit,Groceries
2024-12-15,Major each stock approach go argue take.,483.15,debit,Healthcare
2024-11-05,Wait garden candidate easy fund share final.,312.53,debit,Dining
2024-12-28,Win with agree enjoy thing better.,257.59,debit,Rent
2025-03-07,Whose toward risk sign experience.,294.17,debit,Groceries
2024-07-18,Imagine American once question a someone animal.,4132.73,credit,Income
2024-06-14,Seven staff degree get chair understand south those.,137.13,debit,Transportation
2024-05-05,Maybe bag point drug they month move our.,453.14,debit,Entertainment
2024-06-08,Hair seek team usually task southern.,87.05,debit,Salary
2024-08-05,Any stuff follow little institution.,1373.75,credit,Income
2024-11-14,Sport agency together care every.,364.89,debit,Utilities
2024-05-07,Visit series tonight dark rule whether through college.,187.86,debit,Salary
2024-12-21,Recently economic add evening magazine build life.,264.95,debit,Utilities
2025-02-10,Lead smile thank and.,391.74,debit,Entertainment
2025-02-24,Who tree growth try it against score.,409.79,debit,Salary
2024-09-28,Already again most.,2539.5,credit,Income
2024-10-11,Cut game section choose.,381.77,debit,Groceries
2025-03-04,Relate do scene value cultural.,298.47,debit,Entertainment
2024-12-23,Threat son range trouble court.,251.4,debit,Utilities
2024-12-12,Stock kind like remember think.,2195.81,credit,Income
2024-11-13,Economy study since president.,3064.26,credit,Income
2025-03-01,Draw believe already event.,1025.6,credit,Income
2024-09-10,Only ok bit its partner statement word.,369.16,debit,Rent
2024-06-15,Half score yourself any.,3880.03,credit,Income
2024-09-28,Result skin building difficult lay.,464.72,debit,Healthcare
2024-09-24,Wonder tax season.,3311.31,credit,Income
2024-08-28,Society even market attack.,3520.38,credit,Income
2025-03-06,Dog central right do mention.,362.73,debit,Entertainment
2024-12-22,Finish others she store.,2882.53,credit,Income
2024-04-24,Think floor course.,316.49,debit,Entertainment
2024-07-14,Modern right way hope action record that.,2950.92,credit,Income
2024-11-08,Listen sense carry.,3246.31,credit,Income
2024-11-11,Game so although mother way point discover.,3411.0,credit,Income
2024-09-30,According three walk easy mouth expect deal try.,496.36,debit,Transportation
2025-01-14,Adult camera opportunity likely.,95.21,debit,Healthcare
2024-06-03,Item long sign election first.,413.88,debit,Utilities
2025-01-05,Measure test positive shake.,435.85,debit,Rent
2024-12-12,Sort color answer research.,318.83,debit,Rent
2024-09-13,For dark our poor.,3926.47,credit,Income
2025-01-25,Market song kid part reflect design.,436.55,debit,Utilities
2025-02-28,North effect usually heart later.,16.6,debit,Entertainment
2024-12-19,Young international team focus may radio.,3573.57,credit,Income
2024-12-16,Account PM forward great last to.,208.83,debit,Transportation
2024-03-24,After morning heart local base.,256.07,debit,Groceries
2024-12-20,Building effect thus yes long.,388.52,debit,Dining
2024-04-11,Him standard ability perhaps ever idea.,345.22,debit,Transportation
2024-11-25,Most power hot meeting opportunity.,445.93,debit,Healthcare
2024-10-26,Away hope material large teacher.,276.32,debit,Utilities
2024-11-19,One watch take check better tell.,4488.99,credit,Income
2024-07-15,Allow appear throw age.,267.65,debit,Dining
2025-02-01,Management international simply involve.,1009.57,credit,Income
2024-05-25,Building defense big employee.,170.06,debit,Dining
2025-03-02,Only statement everybody sense focus issue data ten.,1472.67,credit,Income
2025-02-08,That human call knowledge.,4996.77,credit,Income
2024-07-07,Tree goal away room role show time clearly.,1435.82,credit,Income
2025-02-26,Can near after six source discuss.,414.41,debit,Dining
2024-12-16,Pressure discussion offer.,4281.13,credit,Income
2024-06-04,Subject girl child purpose growth somebody.,86.13,debit,Entertainment
2024-09-25,Least face surface sound way anyone along.,395.56,debit,Healthcare
2024-10-31,Soldier student become lot myself quickly along.,1837.36,credit,Income
2024-06-12,Your space top rise politics former.,2611.22,credit,Income
2024-11-24,Break economic upon.,4044.0,credit,Income
2024-08-23,Interview long produce science race cup.,2140.99,credit,Income
2024-12-02,Represent lose follow produce TV forward enjoy.,2419.6,credit,Income
2024-03-27,Movement become carry network.,3032.21,credit,Income
2024-07-20,Apply final scientist.,96.58,debit,Groceries
2025-03-08,Religious such today kitchen ever.,4846.8,credit,Income
2024-03-27,World which military month.,221.54,debit,Entertainment
2024-06-25,Truth represent happen rest.,11.54,debit,Groceries
2025-02-22,Certainly bag fund sport direction wall.,4903.82,credit,Income
2024-11-15,Number stuff every tough site company.,383.26,debit,Rent
2025-03-07,Significant hard development it participant as.,233.8,debit,Groceries
2024-09-28,Woman thought on clearly very.,479.26,debit,Utilities
2025-02-26,Involve American apply mission.,304.27,debit,Healthcare
2025-01-23,Growth she describe seven left town several.,1492.41,credit,Income
2024-07-01,Education opportunity area suffer stuff.,1759.28,credit,Income
2024-10-29,Next candidate realize citizen while.,385.97,debit,Transportation
2025-02-10,Recently letter store.,2763.4,credit,Income
2024-12-26,Ball baby happen probably.,1515.23,credit,Income
2024-06-28,Black worry low firm.,3301.46,credit,Income
2024-08-02,Rock land price within company study.,81.13,debit,Utilities
2025-01-17,Receive story list bag sign.,3060.92,credit,Income
2024-11-24,Exist figure often stuff sense more.,87.85,debit,Rent
2025-01-22,Body floor film American study upon teach.,3194.4,credit,Income
2025-02-17,Employee education knowledge new sit.,3128.46,credit,Income
2024-05-13,Account environment common couple.,292.96,debit,Healthcare
2024-09-10,Represent with will lose there indeed show.,1131.53,credit,Income
2025-01-11,Painting choice similar away tell avoid purpose.,113.97,debit,Salary
2024-08-12,Rich ever call beat morning what physical.,10.27,debit,Rent
2024-06-01,Recognize level several writer.,1039.92,credit,Income
2024-07-19,Various tonight I debate them look.,411.62,debit,Utilities
2024-06-20,Finish foreign development building bad month manage.,4152.6,credit,Income
2024-07-05,Government candidate themselves opportunity shoulder never house bill.,3161.07,credit,Income
2024-11-13,Indeed move price investment knowledge tonight discuss.,1469.97,credit,Income
2024-04-23,Find human special debate history number indeed.,1873.97,credit,Income
2024-11-06,Various language letter.,4503.92,credit,Income
2024-11-29,Never parent leg board available stuff.,3636.7,credit,Income
2024-06-21,Left stop with gun number until a.,142.4,debit,Transportation
2024-07-12,Expect song play will finish street maintain.,437.82,debit,Groceries
2024-10-24,Doctor size day sell Republican.,209.04,debit,Healthcare
2024-10-16,Stuff and laugh her its movement.,1181.27,credit,Income
2024-05-27,Say knowledge view night bill base.,2220.3,credit,Income
2024-05-02,Culture whatever case information everybody between.,282.54,debit,Rent
2024-09-04,Hundred interest behavior offer require example.,299.6,debit,Utilities
2025-02-01,Talk walk kitchen speech door offer issue order.,114.04,debit,Rent
2024-12-19,Order nation cover such.,385.42,debit,Dining
2024-10-29,Why really year imagine service government government from.,13.84,debit,Groceries
2024-10-29,Learn agency town.,2118.61,credit,Income
2025-01-26,Protect statement both central yourself should must.,4221.09,credit,Income
2024-06-26,Positive show director opportunity nature clear think four.,4131.62,credit,Income
2024-10-05,Past situation lay each per great happy sell.,4316.32,credit,Income
2024-04-23,May white company table important.,464.58,debit,Groceries
2024-05-29,Per production hear eye serious seat free.,463.43,debit,Entertainment
2024-05-25,Should market ten participant.,2314.2,credit,Income
2025-01-10,Statement south money long two reflect without.,445.96,debit,Salary
2025-01-17,There part top certainly power live blue.,3932.88,credit,Income
2024-09-12,Build attack carry improve instead war.,139.43,debit,Groceries
2025-01-20,Five respond sense board too race fly poor.,1023.88,credit,Income
2025-02-27,Common analysis rise compare say.,1076.08,credit,Income
2024-10-16,Their call prepare real a school exist.,415.64,debit,Dining
2025-02-15,Blue concern data similar trip defense.,491.5,debit,Dining
2025-02-21,Health bag office spend conference set office edge.,3941.23,credit,Income
2024-09-26,Push today any learn market sing mind.,2125.95,credit,Income
2024-12-04,Who study American student relationship benefit eight.,248.62,debit,Transportation
2024-05-28,Cold alone magazine range security eye.,1221.87,credit,Income
2024-12-19,Beat job board.,396.14,debit,Groceries
2024-12-11,Result whose service become similar short entire.,85.03,debit,Entertainment
2024-10-11,Become also minute term.,4730.39,credit,Income
2025-03-05,Company determine leader lay.,1886.43,credit,Income
2024-05-21,Star than skill wife weight at concern.,315.2,debit,Salary
2024-06-13,Charge PM try maintain data.,3281.4,credit,Income
2024-07-09,Coach officer career conference city put son no.,3674.06,credit,Income
2024-07-03,Team door theory in lot practice.,4622.01,credit,Income
2024-04-20,Shoulder relate like both how four.,70.95,debit,Utilities
2024-06-15,Quickly fight word campaign discussion indicate cold.,4095.64,credit,Income
2024-10-23,Figure pay model draw smile once today.,3620.06,credit,Income
2024-08-09,Here success time us special do ready.,2448.86,credit,Income
2024-07-03,Make early sister nation lose sound people between.,198.9,debit,Healthcare
2024-06-18,Forward sing information baby ever.,3007.27,credit,Income
2024-12-15,Benefit billion recent huge.,3685.37,credit,Income
2024-05-02,Develop source arm dark about doctor.,51.52,debit,Transportation
2024-06-18,Big performance cost.,3321.57,credit,Income
2024-11-22,Moment economy that career born page.,295.85,debit,Transportation
2024-06-13,Sometimes prove step project.,198.11,debit,Transportation
2024-06-24,Camera song less nothing.,4195.6,credit,Income
2024-11-11,Near party some trial edge art experience.,1958.28,credit,Income
2025-03-16,Story which instead city any put.,484.87,debit,Rent
2024-07-29,Land subject word a student again.,129.8,debit,Dining
2024-07-18,Expect that make western sport return say.,409.81,debit,Utilities
2025-02-19,Nation name suggest buy teacher involve.,4952.29,credit,Income
2024-07-22,Stay value weight oil hospital garden.,2266.68,credit,Income
2024-06-01,Win why detail none.,77.19,debit,Utilities
2024-06-22,Control less product own find body.,3556.12,credit,Income
2024-07-02,Spring receive cold piece ok.,495.05,debit,Entertainment
2024-08-25,Detail response college check company how.,3010.68,credit,Income
2024-06-26,Provide account since report.,297.69,debit,Transportation
2024-10-03,Meeting company style three relate.,23.84,debit,Transportation
2024-10-28,Administration food word myself alone.,3248.03,credit,Income
2024-04-03,Must sister director join well protect whom.,160.37,debit,Salary
2025-03-01,Member behind program enjoy start gun within.,470.43,debit,Groceries
2025-01-09,Situation rate instead.,435.19,debit,Salary
2024-10-01,Difference he country collection.,1038.55,credit,Income
2025-02-04,Newspaper administration much behavior her.,216.37,debit,Dining
2024-07-06,Community letter while for.,78.61,debit,Dining
2024-08-16,Table join throughout practice.,3379.07,credit,Income
2025-02-25,Two agency free impact help budget hope.,435.2,debit,Salary
2024-04-10,Well writer lose chair successful.,4251.51,credit,Income
2024-11-12,Force local bit president language who.,227.61,debit,Groceries
2025-01-19,Majority note he call attention he.,334.89,debit,Dining
2025-01-06,Nature argue most.,1688.45,credit,Income
2024-06-01,Answer size field wife.,4455.99,credit,Income
2024-09-19,Carry part term sport court outside face simple.,151.31,debit,Rent
2025-01-13,Financial human list four authority culture.,337.58,debit,Utilities
2024-09-15,Social special let without audience white positive.,122.7,debit,Groceries
2024-04-02,Tv free mention.,1178.71,credit,Income
2024-10-29,Herself may study hand over.,1567.77,credit,Income
2024-04-18,How various executive draw any.,3342.31,credit,Income
2024-05-16,Set politics all movie.,298.26,debit,Healthcare
2024-06-29,Accept value material recent perform.,215.0,debit,Healthcare
2024-12-21,Brother I no public laugh few.,270.2,debit,Rent
2024-04-29,Tough pull claim forget west necessary.,304.29,debit,Dining
2024-09-15,Popular receive over training stage many.,234.2,debit,Groceries
2025-02-02,Church firm down market machine worry.,1559.6,credit,Income
2024-08-20,Chance people produce security score body success.,2640.76,credit,Income
2025-02-27,Task on lay.,1136.42,credit,Income
2024-09-13,Next fear produce lawyer occur.,474.1,debit,Entertainment
2024-07-18,Third across ability call wonder push age.,4643.53,credit,Income
2024-05-04,Authority against how remain theory clearly.,3609.22,credit,Income
2024-12-08,Speak rate culture several quite contain them.,36.26,debit,Groceries
2024-05-27,Popular nice these contain conference.,215.49,debit,Transportation
2024-04-11,Certain water beat life cell past provide happy.,3368.56,credit,Income
2025-02-19,Character air better trip young south.,116.48,debit,Transportation
2024-10-25,Itself person oil.,349.55,debit,Entertainment
2024-09-23,Place wind rate still TV.,4926.96,credit,Income
2024-09-06,Anything small class data less.,110.71,debit,Rent
2024-07-11,Answer third experience significant behind.,286.79,debit,Healthcare
2024-10-26,Significant also idea our.,84.8,debit,Transportation
2024-08-04,Popular through management fine.,181.67,debit,Dining
2025-03-13,Perform every idea none sit.,3031.57,credit,Income
2024-04-30,Rate citizen goal key very full.,456.82,debit,Entertainment
2024-08-09,City task key generation discussion.,3273.75,credit,Income
2025-03-09,Politics beautiful only trip experience growth.,3561.33,credit,Income
2024-10-31,Among tell you wear feeling far thus.,2163.91,credit,Income
2024-06-29,Land on owner argue much together movie.,1406.84,credit,Income
2024-10-03,Plant unit support side television stage kitchen.,2780.17,credit,Income
2024-10-20,Inside world water probably scene citizen single.,3408.51,credit,Income
2024-05-19,Box meet artist six into alone.,303.95,debit,Transportation
2025-01-29,Blue wife message college outside lose must.,2127.25,credit,Income
2024-08-02,Show book phone lot yes.,1294.82,credit,Income
2024-06-21,Site impact television fund anything enjoy.,32.25,debit,Rent
2024-10-21,Few wife save believe by.,293.81,debit,Healthcare
2024-11-03,Wonder activity her million.,1041.31,credit,Income
2024-08-03,Industry question family attack everybody son offer expert.,402.38,debit,Utilities
2024-04-10,Party you modern either hit foreign.,173.55,debit,Groceries
2024-04-23,Cell skill heavy place development song.,3464.53,credit,Income
2025-02-11,Agent economy into say community young set.,212.68,debit,Groceries
2024-06-01,Simple ten response fund play oil.,99.01,debit,Salary
2025-01-23,The situation win dream plant also much.,316.02,debit,Transportation
2024-09-16,Sense offer leg.,4654.5,credit,Income
2024-07-29,Up week without live.,2954.54,credit,Income
2024-10-23,Model theory rock body.,3038.45,credit,Income
2024-11-04,Ok nature three true culture allow claim.,384.74,debit,Salary
2024-11-25,Kind magazine benefit of major step quickly factor.,3747.0,credit,Income
2024-12-07,Threat do camera run area.,88.39,debit,Transportation
2024-07-13,Rise report design writer will month.,1003.85,credit,Income
2024-08-16,Sign morning off effect group.,155.98,debit,Transportation
2025-01-29,Teacher ground consumer street carry rock significant.,68.26,debit,Groceries
2024-07-08,Real look here upon.,3928.93,credit,Income
2025-01-24,Particularly business simple some design scientist offer.,4828.45,credit,Income
2024-11-29,Collection require can order parent.,4273.91,credit,Income
2025-01-21,Poor few increase yourself.,3786.86,credit,Income
2025-03-01,National in cultural manage along mind point.,328.86,debit,Groceries
2024-10-14,Bag young degree.,4401.67,credit,Income
2024-05-27,Just by trip central.,265.05,debit,Entertainment
2024-10-16,Official minute note student thus nation.,2645.37,credit,Income
2025-01-16,Necessary wall else special road next.,1597.4,credit,Income
2024-10-26,Receive expect employee theory company successful look five.,334.66,debit,Entertainment
2024-12-01,Onto everything something.,3536.06,credit,Income
2024-08-10,Hotel ahead successful usually street address.,225.82,debit,Healthcare
2025-03-05,Day who song some series middle.,148.32,debit,Utilities
2024-07-18,Run TV just ago billion.,4968.06,credit,Income
2024-10-20,Part development check leg.,3227.27,credit,Income
2024-04-06,Offer talk method tell manager.,350.6,debit,Rent
2024-09-16,My case benefit response late himself.,1202.6,credit,Income
2024-08-17,Else factor lawyer child.,52.35,debit,Entertainment
2024-12-09,Site management network time sense.,185.79,debit,Groceries
2024-06-09,Life window why exist parent.,16.6,debit,Healthcare
2025-01-28,Somebody throw see build throw little.,413.95,debit,Transportation
2024-09-04,Reveal never billion student similar truth.,361.81,debit,Groceries
2024-09-07,Room turn hit identify.,156.88,debit,Salary
2024-11-22,Well box value actually.,420.18,debit,Utilities
2024-12-19,Voice lose side century.,1121.69,credit,Income
2024-04-22,Industry site artist term thing truth.,287.26,debit,Rent
2024-05-27,Agreement drug know each pressure interest past.,408.5,debit,Salary
2024-08-20,Difference drug person between shoulder power.,354.0,debit,Transportation
2024-04-28,Perform music line candidate admit capital after.,56.92,debit,Groceries
2024-05-15,Draw near national build before.,4050.99,credit,Income
2024-08-04,Act cut ok entire far indicate.,471.89,debit,Rent
2024-11-03,Performance ground card shoulder become candidate.,3733.36,credit,Income
2024-07-13,Green low crime of speak adult.,3255.55,credit,Income
2024-10-23,Bit into study if.,3056.57,credit,Income
2024-05-08,These structure week.,136.77,debit,Transportation
2024-11-08,Moment half everybody reduce cause much.,452.26,debit,Groceries
2024-06-13,Near up yourself must past.,3244.55,credit,Income
2024-03-26,Forget true day.,158.35,debit,Entertainment
2024-11-11,Throughout than lay student.,4789.5,credit,Income
2024-07-19,Discussion produce condition career offer fund.,1023.96,credit,Income
2024-03-28,Remember doctor single eight.,4326.06,credit,Income
2024-12-13,Will get option break.,1526.54,credit,Income
2025-03-09,Gas rich represent should believe claim measure.,3866.52,credit,Income
2024-10-25,Big pretty today entire.,37.0,debit,Salary
2024-12-08,Laugh oil move note baby technology young.,4903.35,credit,Income
2024-09-01,Find cost wrong special attorney training.,3772.87,credit,Income
2024-04-12,Special management present natural truth.,114.84,debit,Groceries
2024-10-24,Husband open director account move message smile.,410.51,debit,Dining
2024-09-25,Happen yet rate occur dark mean beat great.,3780.74,credit,Income
2025-01-05,Cold unit process close successful specific catch.,341.04,debit,Healthcare
2024-05-08,Check right lose model television else.,244.2,debit,Salary
2024-04-02,Evening word adult.,416.68,debit,Salary
2025-02-13,Compare wrong challenge do.,408.62,debit,Dining
2024-08-23,Although too again nice.,4824.09,credit,Income
2024-06-15,It attack organization step happy.,18.66,debit,Salary
2025-02-13,Anyone suddenly explain throughout out hundred put scientist.,1352.39,credit,Income
2025-01-09,Institution set look book go section.,4678.1,credit,Income
2024-07-25,New provide dream gas attorney finally record.,184.48,debit,Transportation
2024-04-04,Region amount worry quickly land less camera.,380.79,debit,Utilities
2024-05-28,Entire market evening call general require suffer service.,2255.28,credit,Income
2025-02-28,Bank task sense wrong.,1318.31,credit,Income
2024-12-31,Sea hit open.,4932.27,credit,Income
2024-08-05,Father clear soldier answer reach.,140.4,debit,Dining
2024-11-20,A dream add whom.,1349.65,credit,Income
2025-02-19,Power accept week once again street.,321.97,debit,Dining
2024-04-21,Just toward defense learn here company.,2022.54,credit,Income
2024-07-03,Number to professional.,296.66,debit,Transportation
2024-05-14,Source sometimes guy plan exist enough teach.,121.52,debit,Groceries
2024-10-22,Oil own career matter force last.,2010.6,credit,Income
2024-07-23,Throw recent oil work.,367.22,debit,Rent
2024-12-30,Exist those exist brother daughter near live.,87.13,debit,Salary
2024-04-30,Five one appear bag according.,350.44,debit,Rent
2024-06-26,National position least meet.,1803.51,credit,Income
2024-08-09,Social according summer must.,3728.83,credit,Income
2024-10-14,Product remember large government possible little evidence.,4906.49,credit,Income
2024-04-23,Very race ready role.,3291.76,credit,Income
2024-10-26,Enter recognize relate firm politics pay without.,3421.35,credit,Income
2024-07-23,Institution manager check nation level fear admit little.,364.73,debit,Transportation
2024-11-10,Save man peace fill.,3792.48,credit,Income
2024-09-16,Spring admit attack us.,214.51,debit,Salary
2024-07-05,Charge free enjoy city water security marriage threat.,1925.3,credit,Income
2025-03-02,President that yourself.,153.28,debit,Transportation
2025-02-27,Must beat military.,162.69,debit,Dining
2025-01-30,Find to billion.,273.98,debit,Entertainment
2024-05-08,Buy under actually serve city ago enter.,306.48,debit,Healthcare
2024-07-31,Actually form oil baby church.,3994.22,credit,Income
2024-09-03,Miss hope kind source through any woman.,355.4,debit,Salary
2024-05-26,Wear nice let local debate face real.,148.39,debit,Entertainment
2024-07-24,Science training on morning long.,68.19,debit,Transportation
2024-05-17,National grow place fish within.,435.84,debit,Transportation
2024-05-30,Detail shake true especially language above.,2750.88,credit,Income
2024-07-14,Heavy just growth leader.,296.17,debit,Entertainment
2024-11-03,Nearly exist despite bed.,151.37,debit,Utilities
2024-05-20,Board floor institution call section yard beautiful.,1378.81,credit,Income
2024-09-18,Issue either man risk sell fund pressure firm.,4449.7,credit,Income
2024-09-24,Speak year five citizen culture.,28.26,debit,Rent
2024-04-17,Operation night job.,4342.9,credit,Income
2024-06-09,Red just they ground score concern.,27.06,debit,Salary
2024-12-24,Must early example heavy evidence.,1401.51,credit,Income
2024-09-18,Keep card act side theory identify want.,325.85,debit,Rent
2024-11-19,Television team him perform.,1915.27,credit,Income
2025-01-22,After score hear past policy approach.,226.79,debit,Rent
2024-09-21,Agree because issue term support specific.,38.56,debit,Utilities
2024-07-26,International focus remain standard age response close.,3170.21,credit,Income
2024-08-27,Admit month it fly girl.,1875.52,credit,Income
2024-04-28,Speech increase play soldier sort organization reach.,1956.2,credit,Income
2024-09-20,Reality contain risk describe wear American forget around.,128.25,debit,Entertainment
2024-05-18,Also factor leader need town husband.,1814.89,credit,Income
2024-11-08,Pick five require argue bag different.,2584.66,credit,Income
2024-09-04,Last remain play check herself.,4124.91,credit,Income
2024-10-16,Stock task answer recognize present walk four.,4069.98,credit,Income
2024-10-06,Tonight and enough music gas soldier despite.,4268.96,credit,Income
2024-10-08,During enough meeting away time clear.,404.73,debit,Transportation
2024-09-26,See despite send book interesting card.,4282.93,credit,Income
2024-10-07,Close yes morning news necessary information.,3820.58,credit,Income
2024-12-11,Reveal war sign general.,419.86,debit,Dining
2024-12-12,Nice fund generation.,2347.48,credit,Income
2024-11-29,Street fight source when structure.,1556.77,credit,Income
2024-12-14,Act today beat rest.,2982.4,credit,Income
2024-12-08,Long player real power group course accept.,458.08,debit,Rent
2025-02-18,Season talk rest physical.,67.36,debit,Entertainment
2024-10-28,I discussion claim prevent while particular step seat.,483.02,debit,Dining
2025-02-28,Not half prevent fight operation mention.,4088.89,credit,Income
2025-01-30,Probably job nothing voice.,228.51,debit,Utilities
2024-06-08,Far will scientist world family.,47.51,debit,Healthcare
2024-10-05,Receive goal key.,287.7,debit,Utilities
2024-05-22,Congress amount I total simple where herself into.,289.25,debit,Salary
2025-02-07,Forward interest specific check he not.,97.59,debit,Transportation
2024-08-23,Politics I recently still game evening television.,3966.42,credit,Income
2024-10-19,Home player carry thousand.,393.08,debit,Dining
2024-12-22,Bill week enough writer arrive reality focus.,3549.66,credit,Income
2024-08-15,What Mr same likely present responsibility detail.,247.95,debit,Salary
2024-06-04,Month research technology industry them body say follow.,2603.43,credit,Income
2024-03-27,Store between require need.,3989.59,credit,Income
2024-05-05,Thus against read attorney between.,448.15,debit,Entertainment
2024-12-02,Without whom seem begin tax ground.,416.49,debit,Groceries
2024-11-08,Apply nature prove material recently family.,4410.98,credit,Income
2024-07-02,Law situation example system understand career.,1413.78,credit,Income
2024-09-06,Nothing against let ask investment cut determine.,3816.18,credit,Income
2025-01-26,Scientist international traditional them leg until money.,446.34,debit,Transportation
2024-04-02,Science beautiful out.,3994.31,credit,Income
2024-06-09,Approach reduce now.,3213.96,credit,Income
2024-07-11,Difficult production since.,2951.12,credit,Income
2024-09-17,Above ten Republican trip.,38.63,debit,Utilities
2025-02-22,Join suggest responsibility economic family.,322.21,debit,Utilities
2024-04-13,Store tell close head win Congress official.,2727.95,credit,Income
2024-11-13,Establish animal federal environment short could gun under.,2651.7,credit,Income
2025-01-05,Finish green idea pressure floor she.,251.24,debit,Entertainment
2024-08-18,Charge little sea fill share consider again.,1848.84,credit,Income
2024-07-27,Reach answer recently market.,1532.76,credit,Income
2024-08-29,Friend sound check.,4509.38,credit,Income
2024-12-09,Stand seven choice life.,4118.62,credit,Income
2024-04-29,Any kid through result great of assume.,191.86,debit,Dining
2024-06-19,Realize student along everyone avoid them.,1419.81,credit,Income
2025-02-11,Everyone it better bill.,4568.79,credit,Income
2024-04-09,Reach everyone stock other indicate.,1232.62,credit,Income
2025-01-27,Similar organization foot gas or move.,1573.02,credit,Income
2024-07-07,Sister successful cause worry.,2579.44,credit,Income
2024-03-28,High cold body woman enjoy particularly.,456.48,debit,Rent
2025-02-05,International commercial expert community strategy local.,104.35,debit,Rent
2024-09-25,Foot technology also practice president real attorney.,198.64,debit,Utilities
2024-08-03,Police continue past certain state agency into leave.,291.86,debit,Transportation
2025-01-13,Face reach one throw miss end.,369.42,debit,Utilities
2024-08-28,Ever war wide write act reach ball professional.,3019.39,credit,Income
2025-03-06,Room none against agreement.,2272.37,credit,Income
2024-09-06,Cost us trade officer not between.,2546.31,credit,Income
2024-08-31,Perhaps face blood player late.,2121.49,credit,Income
2025-02-05,Structure throw culture paper yes six brother.,166.11,debit,Dining
2025-01-01,Magazine relate weight water.,57.94,debit,Groceries
2024-05-14,Or go off job.,4397.98,credit,Income
2024-08-13,For also sea wide.,26.25,debit,Dining
2024-10-28,Air south despite inside.,1070.23,credit,Income
2024-10-28,Others single teacher present college.,32.85,debit,Rent
2025-01-25,Trip color significant career.,463.96,debit,Entertainment
2024-10-02,No player office particularly memory similar.,256.94,debit,Dining
2024-07-05,Dog find into toward improve condition.,93.92,debit,Entertainment
2024-07-24,Total meet determine hit because.,2794.14,credit,Income
2024-08-03,Pm it truth letter face.,2662.01,credit,Income
2024-07-27,Result tend culture all though high window.,360.77,debit,Transportation
2024-08-26,Even glass never than ball.,2569.31,credit,Income
2024-10-04,Gas kid wall.,222.04,debit,Rent
2024-04-26,Collection rock difficult feel say note.,238.91,debit,Salary
2024-08-14,Remember chair live reveal interest reflect here difference.,2083.49,credit,Income
2024-11-10,Lot trial rock.,205.35,debit,Dining
2024-05-13,Already foot recognize hotel particular.,3628.86,credit,Income
2024-10-28,Relate act despite.,3507.55,credit,Income
2024-06-14,Carry long sing amount pull western.,462.82,debit,Salary
2024-09-24,Challenge plan police social customer produce ago.,1299.88,credit,Income
2024-12-12,Message treatment often.,2460.04,credit,Income
2025-01-30,Newspaper huge political.,4033.63,credit,Income
2024-11-23,Financial risk send official.,1632.33,credit,Income
2024-06-15,Up cut the serious.,2475.36,credit,Income
2025-02-26,Performance control officer everyone major too.,4218.64,credit,Income
2025-03-06,Who figure shoulder matter music wear.,3660.13,credit,Income
2025-01-17,Bad public down prove.,4184.65,credit,Income
2024-04-04,Subject edge art task sit religious season.,4966.05,credit,Income
2025-01-29,Issue step threat assume unit better race.,2680.1,credit,Income
2024-07-26,Skill rest idea me little season college place.,1057.98,credit,Income
2024-11-19,Approach bar enjoy debate happen early.,4753.74,credit,Income
2024-05-14,Member art challenge art relate.,2227.87,credit,Income
2025-01-20,Detail story society go argue.,2733.78,credit,Income
2024-09-29,Although drop compare because product charge.,1011.08,credit,Income
2024-07-01,Understand ahead prevent my.,4004.48,credit,Income
2024-04-16,Blood term maintain serve avoid.,2341.45,credit,Income
2024-11-01,Boy measure budget compare call early nothing.,387.62,debit,Groceries
2024-06-27,They defense difficult if class test goal.,103.95,debit,Salary
2024-08-28,Ok data player area right protect west.,151.68,debit,Entertainment
2024-08-23,Goal must now certainly born return identify.,1409.54,credit,Income
2024-05-21,Anything project house we book race exactly character.,279.44,debit,Entertainment
2024-12-15,Include relate north media.,4803.4,credit,Income
2024-04-12,Design speech present American result Mr.,440.98,debit,Utilities
2024-09-23,Trial meeting exactly international.,2569.66,credit,Income
2024-04-19,For question you girl decision also.,410.8,debit,Salary
2024-10-12,Tree center set body.,2447.3,credit,Income
2024-11-04,Increase war science civil result probably.,61.38,debit,Entertainment
2025-02-16,Somebody draw issue sell strong economic.,3769.25,credit,Income
2024-11-23,Build week remain peace foot mouth process.,2472.48,credit,Income
2024-07-12,Radio business use recently rich race.,461.49,debit,Healthcare
2025-01-27,Rise now none first south happy pressure high.,3149.8,credit,Income
2024-09-14,Manage hotel instead.,321.68,debit,Utilities
2024-04-11,Physical activity future between continue.,3345.94,credit,Income
2024-03-22,Teacher they series least.,3724.05,credit,Income
2024-12-18,Specific I red.,4741.02,credit,Income
2025-03-07,Attention perhaps garden effect usually quality their.,1144.04,credit,Income
2025-01-03,Opportunity state art tonight collection white chance police.,16.22,debit,Groceries
2024-09-26,Class story enough already executive voice.,318.66,debit,Utilities
2024-09-16,Military magazine brother.,2114.8,credit,Income
2024-12-25,Attention age represent enjoy.,3823.32,credit,Income
2024-12-23,Form sister see relationship.,2470.17,credit,Income
2024-11-27,Seat available picture even edge hand young his.,296.13,debit,Transportation
2024-09-19,Follow opportunity station everyone song whatever.,428.62,debit,Dining
2024-07-01,Popular worker less us.,4125.45,credit,Income
2024-07-13,Building available free gas event hour hour.,3306.12,credit,Income
2024-11-10,Series school join almost loss yet.,3849.87,credit,Income
2024-10-24,Focus analysis scene half speak few.,1466.89,credit,Income
2024-04-09,Figure tax question suddenly newspaper return class job.,3798.06,credit,Income
2024-05-08,Rest history pattern special.,24.25,debit,Utilities
2025-01-25,Reflect attack goal social.,497.4,debit,Healthcare
2024-04-28,Police happen include bring.,383.84,debit,Utilities
2024-08-02,Side provide western dark away word dream.,1717.83,credit,Income
2024-10-19,Price evidence speak still sort.,2085.06,credit,Income
2024-10-28,How clear keep ten impact tell.,389.3,debit,Healthcare
2024-09-28,Conference movement picture trial nation.,1663.79,credit,Income
2025-03-19,Market improve one guess like question real.,410.24,debit,Dining
2024-08-17,Walk seven family happy vote policy before.,4123.85,credit,Income
2024-06-20,Discover north some.,151.03,debit,Salary
2024-11-21,Month knowledge give run.,3448.24,credit,Income
2025-01-09,Hair visit program experience.,3816.43,credit,Income
2024-10-18,Available skill nothing stand.,388.48,debit,Utilities
2024-12-17,Her do instead like wife indicate.,2262.51,credit,Income
2024-12-01,Doctor alone none travel wonder drop.,4547.61,credit,Income
2025-03-06,Try customer population year also.,3252.41,credit,Income
2024-08-20,Single rather firm single statement.,3955.07,credit,Income
2024-08-06,Tree you father soon leg.,3893.89,credit,Income
2024-12-03,Recent body sign pay.,67.03,debit,Healthcare
2025-01-11,Fish another attack project majority else again.,3887.21,credit,Income
2024-08-02,Recognize simply record senior economy.,109.99,debit,Rent
2024-09-20,Single maybe physical country.,245.12,debit,Transportation
2025-02-01,This benefit score ask.,1445.26,credit,Income
2024-03-21,Past family yourself continue.,52.65,debit,Healthcare
2024-12-15,Its she cultural quickly their.,3966.7,credit,Income
2024-08-15,Clear bar other room.,2332.98,credit,Income
2024-08-21,Dog past before although care maybe federal sound.,196.57,debit,Rent
2024-04-16,Improve feeling break apply large remain.,62.77,debit,Groceries
2024-09-26,Level reflect into very.,3475.97,credit,Income
2024-07-27,Value health consider night concern after.,303.76,debit,Transportation
2024-05-21,Important break state fight.,2210.29,credit,Income
2024-04-20,Stuff player color fill under.,3983.16,credit,Income
2024-08-14,Stage tell explain success population.,215.77,debit,Transportation
2025-01-10,By side could chair total three race.,4731.02,credit,Income
2024-11-24,Them reality concern number.,254.53,debit,Dining
2024-06-17,Brother research high assume model go.,3681.23,credit,Income
2025-01-02,Body kind treat deep think off often.,425.8,debit,Groceries
2024-04-01,Career realize by.,2447.88,credit,Income
2024-06-15,Send prepare weight institution tend traditional.,4778.41,credit,Income
2024-04-20,Environmental police factor wrong wrong.,59.62,debit,Transportation
2024-05-05,Around among eye during.,4815.68,credit,Income
2024-08-27,Nation amount nearly something feeling rise commercial.,3163.85,credit,Income
2024-06-23,Pressure husband home season.,138.14,debit,Dining
2024-10-31,Pay figure season pull.,272.17,debit,Transportation
2024-05-19,Report according particular know media partner official.,36.32,debit,Transportation
2024-07-28,Director charge security.,269.34,debit,Salary
2025-02-06,Something military positive at smile phone.,3525.72,credit,Income
2024-12-26,Financial structure third.,298.32,debit,Healthcare
2025-01-15,Morning sport past his onto today.,2860.77,credit,Income
2025-02-11,However fish make court should since.,3927.55,credit,Income
2024-10-15,Structure total then rich seek model myself brother.,186.79,debit,Entertainment
2025-02-12,Benefit building let sea partner I.,4321.57,credit,Income
2024-09-12,Every direction several food.,3813.15,credit,Income
2025-02-25,First structure cut.,4833.8,credit,Income
2024-08-20,Despite letter wear cause magazine serve.,4037.93,credit,Income
2024-03-25,No social require born.,1277.79,credit,Income
2024-12-11,Herself collection want career perhaps.,2385.99,credit,Income
2024-05-05,Main why factor now.,2772.64,credit,Income
2025-01-03,Eight light rate eight.,1610.32,credit,Income
2024-03-31,Along police science game.,235.98,debit,Salary
2024-09-27,Hard imagine public writer send.,1804.03,credit,Income
2024-12-07,Middle cultural by or current middle of.,470.94,debit,Utilities
2024-09-05,Price rest house author.,2172.29,credit,Income
2024-04-12,Happen act every.,487.34,debit,Healthcare
2025-01-01,Agree seat right hundred.,444.27,debit,Utilities
2025-02-18,Support expert onto simply wonder.,3978.64,credit,Income
2025-01-21,Quality drug answer almost poor.,294.82,debit,Dining
2025-02-04,Film through make bag number yourself.,352.77,debit,Transportation
2024-08-13,Economic north artist seat resource.,4432.62,credit,Income
2024-04-20,Response read recognize true go amount own fund.,439.08,debit,Dining
2024-10-14,Family inside plant young area paper.,2045.94,credit,Income
2025-02-08,Example radio suddenly student bill believe.,236.74,debit,Utilities
2024-10-27,Popular head far partner garden glass use child.,2918.29,credit,Income
2024-06-14,His behind series city career star.,3091.9,credit,Income
2024-03-31,Environment entire compare right success shoulder.,392.72,debit,Utilities
2024-04-03,Report picture organization class walk.,190.21,debit,Healthcare
2024-12-25,Husband heart number house much central agree.,1859.53,credit,Income
2024-04-21,Central behavior spend science happen bank.,262.95,debit,Entertainment
2024-12-22,Let everybody yes.,3704.9,credit,Income
2025-03-17,Member race among cultural.,1028.46,credit,Income
2024-06-19,Light seat about thank new.,322.56,debit,Healthcare
2024-06-01,Quickly finally big next indeed blood bring.,1506.04,credit,Income
2024-12-16,Everybody outside expect party table ok.,1068.73,credit,Income
2025-01-30,Consumer soldier read director defense whether early.,18.39,debit,Salary
2024-11-09,Look could allow pay away.,4424.42,credit,Income
2024-12-28,Soon sport concern total player model them turn.,274.75,debit,Salary
2024-04-06,About federal prevent fish seek know glass also.,2494.46,credit,Income
2024-10-02,Past series less majority think image size.,3192.04,credit,Income
2024-06-15,Contain from great interview teach every economy.,465.51,debit,Groceries
2024-12-27,Return food matter.,344.54,debit,Rent
2024-06-09,Relationship notice fly them establish decision.,3272.67,credit,Income
2025-02-24,Your official rest raise free live available television.,1894.39,credit,Income
2024-09-28,Source want fish.,1081.65,credit,Income
2025-01-03,East subject number support single office.,124.93,debit,Healthcare
2025-03-20,Top bit maintain late consumer support scientist.,3494.42,credit,Income
2024-07-07,Newspaper serve yet never account future.,1213.56,credit,Income
2024-07-18,Space international direction small some.,273.7,debit,Groceries
2025-03-20,Election letter reach brother.,344.57,debit,Healthcare
2024-09-02,Tax guy over visit soldier enough begin.,121.51,debit,Dining
2024-08-13,Kid couple rock or western foot movement.,4359.22,credit,Income
2024-08-25,Cover notice decide significant mother hard.,175.8,debit,Dining
2024-08-21,Him national community feel almost peace.,1740.4,credit,Income
2024-05-20,Stay manager return shake court cut affect.,4959.76,credit,Income
2024-06-28,Fast them goal far effect.,3980.87,credit,Income
2025-03-10,Would he well your.,367.77,debit,Dining
2024-05-11,Provide economy machine everybody.,4785.76,credit,Income
2024-07-24,Positive full natural who.,425.5,debit,Salary
2024-03-26,Traditional alone detail million them too.,3395.18,credit,Income
2024-09-12,Scientist learn high do ability.,467.24,debit,Utilities
2024-07-10,Bag design run.,2426.68,credit,Income
2024-08-30,Local later much experience.,1341.61,credit,Income
2025-03-16,Decade use single reality particularly bar owner.,3686.42,credit,Income
2024-06-03,Director say identify treatment young staff page.,359.9,debit,Entertainment
2025-01-19,Seat challenge reflect prevent.,1909.93,credit,Income
2024-07-20,Guess piece style end third offer.,3966.79,credit,Income
2024-04-08,Behavior former party show agent.,352.51,debit,Utilities
2024-12-07,Theory sit tell recognize ago kind.,2405.66,credit,Income
2024-10-20,Especially dream again capital bag.,3867.25,credit,Income
2024-07-04,Ok miss ball institution game.,1119.5,credit,Income
2024-03-22,Practice relationship also have.,2315.97,credit,Income
2024-09-11,Still full nothing car word campaign above.,1265.71,credit,Income
2025-02-01,Top light since poor you general adult.,174.08,debit,Dining
2024-03-27,National office already discover thus.,99.14,debit,Entertainment
2024-05-03,Official often beautiful machine phone research.,448.39,debit,Groceries
2024-04-08,Establish discover kind bed can camera.,240.91,debit,Rent
2025-02-06,Job time before quite store run tough.,2588.23,credit,Income
2024-11-21,Reveal improve similar care practice.,1864.24,credit,Income
2025-02-12,Hospital something argue along consumer hundred environment.,2536.98,credit,Income
2024-08-24,Entire include care team discover turn.,4252.45,credit,Income
2025-03-16,Staff record low event.,364.46,debit,Entertainment
2024-12-04,Buy choose something foreign number.,3011.51,credit,Income
2024-08-05,Bring nation to life.,360.7,debit,Utilities
2024-06-13,About down all world reason during which.,4623.59,credit,Income
2024-08-30,Near enjoy character establish trip.,3139.77,credit,Income
2024-11-04,Talk look high stock force raise.,2471.8,credit,Income
2024-06-04,Race statement she occur good smile sure.,3879.38,credit,Income
2025-02-08,Agree usually lose catch.,3486.23,credit,Income
2025-02-11,General away think thousand foreign.,174.53,debit,Healthcare
2024-03-31,Food agency issue up leader south.,467.43,debit,Groceries
2024-06-07,Education street nor former mind.,2297.37,credit,Income
2025-02-03,Impact sound face although.,380.38,debit,Dining
2025-03-05,Others important push this great.,108.47,debit,Healthcare
2025-01-25,Plan professor important.,138.11,debit,Groceries
2024-05-17,Opportunity difficult action also establish PM modern.,498.18,debit,Salary
2025-01-20,One how experience represent.,2802.5,credit,Income
2024-06-19,Fill now pretty five.,37.51,debit,Healthcare
2024-07-24,Arm if across billion better cut care right.,401.02,debit,Utilities
2024-10-21,Its forget control country us value.,198.8,debit,Salary
2024-07-10,Budget him must whether shoulder cold this.,342.01,debit,Groceries
2024-07-06,Science building my though exist.,312.12,debit,Utilities
2024-09-17,Somebody future responsibility fear draw population pick.,449.92,debit,Groceries
2025-01-30,City player cost worry effect nature.,205.64,debit,Healthcare
2024-05-07,Government section computer still relate human.,3828.7,credit,Income
2024-04-27,Commercial that society around summer speech design.,3247.19,credit,Income
2024-11-19,Their education question floor quite speech final.,3175.04,credit,Income
2025-02-09,Card pretty summer TV order.,21.22,debit,Dining
2025-02-18,Sign early whole change population different full eight.,62.36,debit,Groceries
2024-08-01,Sign pass indicate live Mr pressure white.,4940.41,credit,Income
2024-04-28,Strategy bill ground compare seat.,4511.13,credit,Income
2024-07-19,Forward war scene serve organization evidence.,4057.58,credit,Income
2024-05-10,Born improve more his difficult party new.,38.19,debit,Entertainment
2024-10-16,Poor machine stage safe else left.,3487.03,credit,Income
2024-05-25,Short ability throw my inside success impact.,371.45,debit,Transportation
2024-07-26,Play science report hundred lay.,48.16,debit,Rent
2024-11-30,Camera others hear wall stand to Republican just.,357.38,debit,Rent
2024-05-21,Support letter over near main.,108.53,debit,Salary
2025-03-02,Around political some food you something quality.,2461.31,credit,Income
2024-04-15,That consumer visit cover anything national.,3194.22,credit,Income
2025-02-24,List country thing.,301.21,debit,Rent
2025-03-02,Continue much trip player political wait.,402.78,debit,Groceries
2024-07-31,Majority law usually clearly especially reflect interview.,251.59,debit,Healthcare
2024-11-01,Get maybe current second.,481.69,debit,Rent
2025-01-24,House card citizen affect play write safe.,310.71,debit,Rent
2025-01-19,Research common try together.,2639.49,credit,Income
2024-08-22,Painting decide ever main American.,185.56,debit,Transportation
2025-03-12,Easy structure provide market management.,1094.09,credit,Income
2025-02-26,Appear base however possible another travel guy involve.,432.71,debit,Rent
2025-02-05,Able I watch trip remember claim it anyone.,1376.36,credit,Income
2025-02-13,Provide detail although.,414.42,debit,Dining
2025-02-12,Charge concern professor here positive mother mention each.,208.96,debit,Healthcare
2024-11-24,Task newspaper magazine we.,125.72,debit,Groceries
2024-04-16,Candidate doctor fall war save throughout authority.,4794.11,credit,Income
2024-04-25,Side should always production attorney.,150.18,debit,Transportation
2024-08-29,Account others political imagine direction.,60.6,debit,Transportation
2024-06-20,Significant whose hand color work before despite support.,257.25,debit,Salary
2024-05-05,Prove doctor two president important.,1281.15,credit,Income
2024-11-16,True human role address member product analysis.,3590.9,credit,Income
2024-05-06,Pattern both protect.,25.65,debit,Utilities
2024-05-23,Well beautiful blood actually.,2943.52,credit,Income
2024-04-15,Move machine join answer increase improve seven.,4459.26,credit,Income
2024-08-10,Produce wear service major magazine according skill.,452.41,debit,Entertainment
2024-11-09,Political generation responsibility special young.,47.57,debit,Utilities
2025-02-22,State think yard spring sport.,1764.98,credit,Income
2024-11-19,Outside various against sister.,3723.22,credit,Income
2024-04-09,Officer maybe some development scientist where.,167.6,debit,Groceries
2024-07-03,Water sea thing might garden.,2489.58,credit,Income
2024-05-11,Paper remember big admit teacher science.,3304.98,credit,Income
2024-09-16,Another second big employee black.,4203.07,credit,Income
2024-07-28,With wonder southern hot hot.,337.49,debit,Rent
2024-08-24,Population answer song medical language full very.,73.31,debit,Salary
2024-10-25,Page film attorney.,248.26,debit,Transportation
2024-04-12,Foreign if clear close end argue.,3768.89,credit,Income
2024-11-22,Letter foot first baby important.,346.59,debit,Dining
2024-11-06,Floor chance from get state.,2481.5,credit,Income
2024-11-16,Their example cut couple goal point skill.,357.32,debit,Healthcare
2025-03-06,Operation social summer indicate.,4749.38,credit,Income
2024-04-21,Similar interesting body lot sense health speech beat.,272.48,debit,Transportation
2024-06-09,Ok true of national task.,3976.17,credit,Income
2025-02-25,Simply guess different yes week act.,445.27,debit,Transportation
2024-12-06,Collection fall phone behavior chair.,135.84,debit,Entertainment
2024-06-04,Church gas put nation back medical.,292.83,debit,Utilities
2024-07-24,Possible customer cover state.,148.52,debit,Groceries
2025-01-07,Thousand seem environmental add alone.,4548.5,credit,Income
2024-11-01,Avoid because coach quickly name.,4927.07,credit,Income
2024-04-15,Admit book give writer fear industry play sense.,3806.13,credit,Income
2024-04-01,Continue professional show respond head beat near.,422.57,debit,Entertainment
2024-09-12,Bit computer bank top.,4722.99,credit,Income
2025-01-06,Once clearly culture society born nation my.,189.83,debit,Rent
2025-02-20,Even development who simply.,1176.29,credit,Income
2024-04-24,Old north fall others security father.,4325.18,credit,Income
2024-08-16,Key score lot or high.,117.41,debit,Groceries
2024-08-14,Believe benefit concern present fill quickly third.,3339.64,credit,Income
2024-12-20,Bar do time.,1023.46,credit,Income
2024-11-28,Turn resource she thing entire business.,199.12,debit,Dining
2024-12-02,Our at pull notice power begin here.,407.02,debit,Dining
2025-02-19,See recognize authority memory.,6.77,debit,Healthcare
2024-09-16,Really population simple model such school.,410.19,debit,Groceries
2024-08-17,Wait measure no miss full.,1516.39,credit,Income
2024-09-02,Popular woman during increase meet open.,1372.4,credit,Income
2024-12-26,Yard phone decision voice.,337.72,debit,Entertainment
2024-08-18,Boy mouth nice face sound very follow wife.,3565.86,credit,Income
2024-04-25,Fund right season loss all half.,494.92,debit,Entertainment
2024-04-16,Power what way wall.,1696.0,credit,Income
2024-08-15,Break child spend.,2931.86,credit,Income
2024-10-26,Occur too peace owner with.,74.2,debit,Salary
2024-10-31,Time building happy clearly nearly would.,4936.53,credit,Income
2024-10-11,Spend guess scientist sit nothing.,4964.91,credit,Income
2025-02-06,Total subject senior choice nor.,2061.71,credit,Income
2024-11-28,Memory system expect project too.,2069.36,credit,Income
2024-12-23,Economy lay might large.,3574.88,credit,Income
2024-08-22,Finally father particular position pattern.,93.92,debit,Salary
2024-07-18,Exactly challenge research standard now.,254.4,debit,Rent
2024-12-22,Treatment event win turn myself simply real.,418.92,debit,Utilities
2024-08-05,Doctor maybe manage treat.,264.95,debit,Groceries
2025-03-01,Second address base stand.,226.17,debit,Healthcare
2024-08-18,List old majority discuss less method friend.,272.69,debit,Rent
2024-05-23,Center again television college themselves again.,3879.93,credit,Income
2025-01-16,Subject suddenly movement risk.,2646.27,credit,Income
2025-03-01,Keep program join throw word quality yet.,455.89,debit,Salary
2024-08-17,Rate free mother yeah.,4062.25,credit,Income
2025-03-11,Store involve trial various simply than.,1848.9,credit,Income
2024-06-05,Miss case traditional democratic.,417.49,debit,Salary
2024-10-18,College item military put.,109.32,debit,Entertainment
2024-11-05,Coach on ahead cup certain forget.,433.72,debit,Salary
2025-02-04,Religious about off senior probably thank model.,1401.31,credit,Income
2024-05-12,Cost rate artist level production fact wait.,3559.62,credit,Income
